post_unique_id,run_timestamp,post_id,subreddit,title,selftext,author,permalink,score,num_comments,flair,created
3dc4ca338a3b87c19ab015824356ceac0f7037543931fc29d74a24a59e8a5e02,2025-09-03 22:44:04,1n7u04x,RepublicadeChile,"Cordero dice que entregar√°n el pa√≠s ""normalizado"" en materia de seguridad y Kast arremete: ""Es realmente vergonzoso""",,Electrical-Finger663,https://reddit.com/r/RepublicadeChile/comments/1n7u04x/cordero_dice_que_entregar√°n_el_pa√≠s_normalizado/,9,19,üèõÔ∏è Pol√≠tica,2025-09-03 19:09:20
307b2080728dc4285f5389849916cf95e8f0d2621aa4e5855e0914efbfccae1d,2025-09-03 22:44:04,1n68ebj,RepublicadeChile,¬øC√≥mo pretende Kast que la gente no le salga a la calle a protestar?,,Maztinyer,https://reddit.com/r/RepublicadeChile/comments/1n68ebj/c√≥mo_pretende_kast_que_la_gente_no_le_salga_a_la/,83,160,üß† Debate & Opini√≥n,2025-09-01 22:55:26
500693a5736c737156c22a34fc20401efa800dc174814e8b899edc188b2b6d87,2025-09-03 22:44:04,1n5tt48,RepublicadeChile,"Jara no va a solucionar la crisis migratoria, sus propuestas son solo parches","Ell propone expulsar a todos los extranjeros con delitos de la ley 20 mil el problema? Es que expulsar a los extranjeros es mucho costo de plata y sumarle si hay apoyo o no del otro pa√≠s, expulsa a 100 venekos pero en los pasos no habilitados entran 200 al d√≠a no sirve de nada, kast quiere limitar las remesas extranjeras y eliminar la visa de trabajo que tienen los extranjeros y derechos de los ilegales, lo bueno de esa medida de kast es que los venekos se van a ir por su cuenta ",Clear_Customer_4490,https://reddit.com/r/RepublicadeChile/comments/1n5tt48/jara_no_va_a_solucionar_la_crisis_migratoria_sus/,58,102,üß† Debate & Opini√≥n,2025-09-01 12:45:08
54773fdaa7eb9a2552201db235c15b0ee62e8cb9d4d647bad5fd2bb5cc9be194,2025-09-03 22:44:04,1n4tsyy,RepublicadeChile,"Si jara decia esto, ya tenia todos los medios acusandola de nepotismo",https://www.cnnchile.com/pais/johannes-kaiser-candidatura-hermana-vanessa-kaiser_20250830/,Chastrexx1,https://reddit.com/r/RepublicadeChile/comments/1n4tsyy/si_jara_decia_esto_ya_tenia_todos_los_medios/,154,157,üì∞ Noticias & Reportajes,2025-08-31 08:47:16
08698f9a3a8583ed4b6fba2ff43bbc688223251836bcceabfb006472480b8181,2025-09-03 22:44:04,1n4mvvx,RepublicadeChile,de donde y como se forman tantos esbirros pol√≠ticos?,"ya sea de kast, jara, matthei, kaiser o cualquier otro personaje de otro pais, de donde salen, o mejor dicho, como una persona logra convertirse en un minion fan√°tico de estos?  me refiero a estos que no distinguen matices, son binarios, si no estas conmigo eres mi enemigo, blablabla, creo que se entiende, la verdad no entiendo como se logra esto, osea, se que existen varios mecanismos y weas psicol√≥gicas, pero aun asi no comprendo como alguien voluntariamente se convierte en el esbirro de alguien que ni los mea ",Lucky-Future6618,https://reddit.com/r/RepublicadeChile/comments/1n4mvvx/de_donde_y_como_se_forman_tantos_esbirros/,19,50,üí© Shitposting & Memes,2025-08-31 01:47:02
b826e8c9a23954310d7b72d83357b9af16b04f04ddd98ab78a9712074ea2c833,2025-09-03 22:44:04,1n3jj20,RepublicadeChile,Kaiser critica decisi√≥n de la corte sobre Valdebenito,"Creo que en esto todos estamos de acuerdo, no?",Cold_Membership322,https://reddit.com/r/RepublicadeChile/comments/1n3jj20/kaiser_critica_decisi√≥n_de_la_corte_sobre/,9,10,üì∞ Noticias & Reportajes,2025-08-29 17:17:19
8020ce6996bcae7cbf1c7bb8823a8be76a2399bbbba50425d5d5426c7ace00c5,2025-09-03 22:44:04,1n39uot,RepublicadeChile,Comando de Jara prepar√°ndose para el segundo estallido si gana Kast.,,Odd_Record_9971,https://reddit.com/r/RepublicadeChile/comments/1n39uot/comando_de_jara_prepar√°ndose_para_el_segundo/,91,41,üèõÔ∏è Pol√≠tica,2025-08-29 11:03:18
c2e4ffe901d670b0cb6ee266924f7f758bfe3490ec2ce85e76d96389cec475ea,2025-09-03 22:44:04,1n2tygn,RepublicadeChile,Pablo Chill-E llam√≥ a NO votar por Kast porque ‚Äúacabar√° con los shows de cantantes urbanos en las municipalidades‚Äù,"Esto es Anti, o Pro voto? ",tpvirs,https://reddit.com/r/RepublicadeChile/comments/1n2tygn/pablo_chille_llam√≥_a_no_votar_por_kast_porque/,95,78,üèõÔ∏è Pol√≠tica,2025-08-28 21:11:50
f941dc927f8152b8e6599b8cd14df6c403238277f2565e6e6d6ecce06376e269,2025-09-03 22:44:04,1n1w36x,RepublicadeChile,Jos√© Zara es detenido por caso Letelier a s√≥lo un d√≠a de dejar Punta Peuco por crimen de Carlos Prats,Otro amigui de Kast,Expensive-Cry913,https://reddit.com/r/RepublicadeChile/comments/1n1w36x/jos√©_zara_es_detenido_por_caso_letelier_a_s√≥lo_un/,27,15,üì∞ Noticias & Reportajes,2025-08-27 19:04:25
8a46ed4957c54beda665d22384eeea069bff4e5f64bb24a663fb2d6c9209b050,2025-09-03 22:44:04,1n1qy3v,RepublicadeChile,"Periodista insiste con preguntar por pinochet"" kaiser : tenia cuatro a√±os en 1980 (retorno de la democracia)",,Automatic-Gold-923,https://reddit.com/r/RepublicadeChile/comments/1n1qy3v/periodista_insiste_con_preguntar_por_pinochet/,68,161,üì∞ Noticias & Reportajes,2025-08-27 15:41:04
d2157c7d3f895e19f98db00f5aa32bc382b128d64ceee08c98185899e0969cd2,2025-09-03 22:44:04,1n1r9jc,RepublicadeChile,"Briones critica propuesta ‚ÄúChao pr√©stamo‚Äù de Kast: ‚ÄúGenera inestabilidad en el sistema""",,SrHuev0n,https://reddit.com/r/RepublicadeChile/comments/1n1r9jc/briones_critica_propuesta_chao_pr√©stamo_de_kast/,5,1,üìà Econom√≠a & Finanzas,2025-08-27 15:53:10
4caa6992774c5dd1155e88e998f7b624bb463f1c26cd9d0b641b43572e00b9bd,2025-09-03 22:44:04,1n1q27w,RepublicadeChile,As√≠ recibieron a Kast en Cerro Navia,"Encuentro de Jos√© Antonio Kast junto a vecinos de la comuna de Cerro Navia se vi√≥ opacado por una concejala por la comuna y grupo de mujeres afines al Partido Comunista, que recibi√≥ con gritos al candidato.",Maztinyer,https://reddit.com/r/RepublicadeChile/comments/1n1q27w/as√≠_recibieron_a_kast_en_cerro_navia/,116,261,üèõÔ∏è Pol√≠tica,2025-08-27 15:07:00
bacd3d6d2fd45468abea31b94cebaba8c7b10d3e7819951f09c9a7b238150bbe,2025-09-03 22:44:04,1n1nhpj,RepublicadeChile,Briones critica fuertemente el programa econ√≥mico de Kast,"Una de las mejores mentes econ√≥micas del pa√≠s.

 [La Tercera: Briones critica programa econ√≥mico de Kast ](https://www.latercera.com/pulso/noticia/ignacio-briones-dice-que-la-propuesta-de-reduccion-de-gasto-fiscal-de-jose-antonio-kast-es-vender-humo/?utm_campaign=linkinbio&utm_medium=referral&utm_source=later-linkinbio&fbclid=PAVERDUAMcH-9leHRuA2FlbQIxMAABp8x-wu5RS6mnuuhoeXbYD-YbZBc1baHs8ACG1SyvWmoqF8FQvqhtviNDCaQ6_aem_jKspbcXEfAwFQXoWw4as_Q)",ToteAll,https://reddit.com/r/RepublicadeChile/comments/1n1nhpj/briones_critica_fuertemente_el_programa_econ√≥mico/,28,31,üèõÔ∏è Pol√≠tica,2025-08-27 13:31:44
6d5dd6ca519bbe609820efaf3b6084d0a3459b3df59d2d7d22d742b12d3281d6,2025-09-03 22:44:04,1n0vxu9,RepublicadeChile,Briones arremete contra propuesta de reducci√≥n de gasto fiscal de Kast y advierte que es ‚Äúvender humo‚Äù,,Expensive-Cry913,https://reddit.com/r/RepublicadeChile/comments/1n0vxu9/briones_arremete_contra_propuesta_de_reducci√≥n_de/,19,11,üì∞ Noticias & Reportajes,2025-08-26 15:51:24
f842870f4a415161f71ed903004b88a18600bdc7669795a8421d20c8e59a8266,2025-09-03 22:44:04,1n0auzi,RepublicadeChile,Megapost: Programas de gobierno Kast - Jara en Seguridad (versi√≥n Kast),,gabrielknaked,https://reddit.com/r/RepublicadeChile/comments/1n0auzi/megapost_programas_de_gobierno_kast_jara_en/,3,2,üî´ Delincuencia & Seguridad,2025-08-25 23:04:48
c6f0aa759ef886a249082de134fec8cdae1bc2a1f297acc8b2444d420bad6d10,2025-09-03 22:44:04,1mzvzwe,RepublicadeChile,Cordero dice que planes de seguridad de Matthei y Kast son la continuidad de lo hecho por el Gobierno,,DarkSpy1976,https://reddit.com/r/RepublicadeChile/comments/1mzvzwe/cordero_dice_que_planes_de_seguridad_de_matthei_y/,1,8,üì∞ Noticias & Reportajes,2025-08-25 12:56:13
3aad798766c049762c5e1a2f6e318843338b4beaa277aecbf0a49dd9c7fb298a,2025-09-03 22:44:04,1mzspbd,RepublicadeChile,Exconvencional Bernardo Fontaine ingresa al equipo de Jos√© Antonio Kast,,opinologopinologo,https://reddit.com/r/RepublicadeChile/comments/1mzspbd/exconvencional_bernardo_fontaine_ingresa_al/,6,1,üèõÔ∏è Pol√≠tica,2025-08-25 10:55:35
47c09819717b2d97d963a1a5f89b2f864811c29dcccb7c797f87a3b1868d79a4,2025-09-03 22:44:04,1mzcsnh,RepublicadeChile,Kast instala idea que abre intenso debate: Eliminar los l√≠mites de altura para construir cerca del Metro,,DigTime5640,https://reddit.com/r/RepublicadeChile/comments/1mzcsnh/kast_instala_idea_que_abre_intenso_debate/,51,89,üèõÔ∏è Pol√≠tica,2025-08-24 20:53:42
98b34d21a8333f07060351e9fca9495d93d1b75d73e1ca1d52ae045e38e54a14,2025-09-03 22:44:04,1mz17xp,RepublicadeChile,"Amigaa, como podi votar por Kast teniendo esos muebles",,Maztinyer,https://reddit.com/r/RepublicadeChile/comments/1mz17xp/amigaa_como_podi_votar_por_kast_teniendo_esos/,198,243,üß† Debate & Opini√≥n,2025-08-24 13:07:48
886425122241027ade409c3921bfadf2d4364b5979632a51bbb99baf4483f828,2025-09-03 22:44:04,1mz0ac2,RepublicadeChile,"Edwards: ‚ÄúLa desconfianza sobre Grau puede haber sido justificada con el joven Grau, pero no con el Grau adulto que es hoy‚Äù","La salida del ministro de Hacienda Mario Marcel gener√≥ ruido entre los economistas y analistas. Su ascendencia en el gobierno era notoria y su presencia gener√≥ tranquilidad desde un comienzo en los mercados. Incluso, el economista y acad√©mico de la Universidad de California, Sebasti√°n Edwards, lo calific√≥ como el ‚Äúadulto‚Äù en el gabinete del Presidente Gabriel Boric. Ahora que dej√≥ Teatinos 120, Edwards hace un positivo balance de la gesti√≥n de Marcel.

Y si bien cree que en un comienzo la salida del ministro m√°s influyente de la actual administraci√≥n pudo generar cierta inquietud, a su juicio aquello se ha ido disipando con la designaci√≥n de Nicol√°s Grau en Hacienda y la llegada de √Ålvaro Garc√≠a a la cartera de Econom√≠a.

**Cuando comenz√≥ el gobierno, usted dijo que Mario Marcel era el adulto responsable dentro de un gobierno sin experiencia. Despu√©s de tres a√±os y medio, ¬øc√≥mo eval√∫a la gesti√≥n del exministro de Hacienda?**

Tuvo una labor muy positiva. Lo que sostuve a inicio del gobierno se cumpli√≥ y hoy d√≠a es aceptado por todos los analistas y observadores de la situaci√≥n econ√≥mica chilena. Mario Marcel proporcion√≥ un ancla del sentido com√∫n, de responsabilidad econ√≥mica y financiera. Eso fue muy positivo. El pa√≠s tiene que estar agradecido al economista Marcel por su contribuci√≥n.

**¬øEl balance macro y fiscal de Marcel es positivo?**

Una manera de verlo es que detuvo la ca√≠da libre en la que estaban las finanzas p√∫blicas. No se ha producido una verdadera mejora, sino de lo que se habla es que el aumento de la deuda detuvo su velocidad, lo cual deja todav√≠a una labor muy desafiante para los pr√≥ximos a√±os. Cumpli√≥ lo que √©l quer√≠a hacer y eso lo ha dicho. Si uno compara con las alternativas que podr√≠an haberse dado, como ese muchacho que fue brevemente subsecretario de Relaciones Econ√≥micas Internacionales... Imag√≠nate si acaso hubiese sido √©l el ministro: Chile estar√≠a hoy d√≠a al fondo de la tabla de posiciones. Marcel impidi√≥ que se implementaran una serie de ideas tontas que ten√≠an miembros del Frente Amplio.

**¬øY ve que en t√©rminos de su credibilidad pag√≥ costos por el estar en este gobierno?**

Antes que asumiera yo me reun√≠ en mi casa con un grupo acotado de personas donde estaba Mario Marcel. En ese encuentro le dije que lo felicitaba, que era muy valiente lo que estaba haciendo, porque si yo hubiera estado en sus zapatos, no lo hubiera hecho y me habr√≠a quedado en el Banco Central, ya que tambi√©n era un puesto de pol√≠ticas p√∫blicas muy importante. Le pregunt√© por qu√© hab√≠a aceptado ser ministro de Hacienda. Su respuesta fue que hist√≥ricamente los gobiernos progresistas en Am√©rica Latina fracasaban rotundamente porque hab√≠a una gran crisis econ√≥mica que empezaba en las cuentas fiscales y que luego se propagaba en la inflaci√≥n, en el tipo de cambio y en el colapso econ√≥mico. Lo que √©l ve√≠a como su labor era evitar que este s√≠ndrome de la crisis econ√≥mica generada y gatillada por el progresismo sucediera. Eso lo logr√≥. Chile est√° con una performance econ√≥mica que no es la mejor: mediocre, pero no es un pa√≠s es crisis ni que se est√© cayendo a pedazos.

**¬øSu mayor logro fue el contener las presiones fiscales y estabilizar las cuentas p√∫blicas?**

Es m√°s amplio que eso. Es haber reencauzado estas aspiraciones un poco juveniles e irresponsables del Frente Amplio y haber llevado en una direcci√≥n que fuera viable y que permitiera que Chile retomara la senda del crecimiento. Ahora, si esto √∫ltimo va a suceder o no, todav√≠a est√° por verse, pero va m√°s all√° de s√≥lo la parte fiscal. El rol que jug√≥ para que se ratificara el CPTPP fue muy importante. La decisi√≥n que tom√≥ para frenar los retiros fue tambi√©n muy importante. Cuando se escriban los libros de historia, ¬øqui√©n sabe qu√© es lo que va a aparecer?. Quien toma una posici√≥n defensiva y protege lo que hay habitualmente tiene menos prominencia en los libros de historia que aquel que tiene una actitud m√°s proactiva. No podemos hablar de un legado de grandes proyectos que haya sido impulsados Mario Marcel. Puede ser la reforma de pensiones, pero esa se le atribuye a la candidata Jara, pero s√≠ rencauz√≥ la econom√≠a chilena.

**En cuanto a su sucesor, ¬øc√≥mo ve hoy a Nicol√°s Grau en comparaci√≥n al economista que ingres√≥ al gobierno en marzo de 2022?**

Nicol√°s Grau ha crecido mucho, ha aprendido, se ha moderado y ha entendido la importancia de los equilibrios macroecon√≥micos, de la productividad y de la innovaci√≥n y del crecimiento. El Nicol√°s Grau de hoy tiene poco que ver con el Nicol√°s Grau de principios del gobierno. Hay algunos chascarros en relaci√≥n a algunas de las cosas que ha dicho, quiz√°s es algo un poquito folcl√≥rico y la oposici√≥n se toma de ellas para atacarlo y burlarse, pero yo las minimizo. Yo hablo con Nicol√°s, tenemos conversaciones y no me cabe duda que tiene una mirada mucho m√°s razonable, moderna para la prosperidad del pa√≠s.

**Hay economistas que tienen dudas con respecto a lo que pueda hacer Grau en Hacienda‚Ä¶.**

Lo que he le√≠do en la prensa, en redes sociales y hablando con economistas, es que le tienen una mayor desconfianza a Nicol√°s Grau. Ahora yo voy a arriesgar mi pellejo y decir que es una desconfianza que puede haber estado justificada con el joven Grau que ingres√≥ al gobierno en marzo del 2022, pero no con el Grau adulto que es hoy. Creo que las personas tienen la capacidad, la voluntad y a veces la buena suerte y, ciertamente, el derecho a cambiar de opini√≥n y de educarse y de hacerse m√°s adulto, y todo eso ha sucedido con Nicol√°s Grau.

**¬øVe una buena evoluci√≥n y un mayor conocimiento al trabajar generando pol√≠ticas p√∫blicas?**

Aprendi√≥, porque se puso a pensar en serio. Es una persona inteligente, fue entrenado en dos escuelas que son muy buenas. Empez√≥ a volver a estudiar, a revisitar los textos, a conversar con otras personas, a reflexionar sobre lo que hab√≠a que hacer. Todo ese proceso de aprendizaje me parece que ha sucedido y eso es positivo.

**Ahora, el otro nombre que sorprendi√≥ es de √Ålvaro Garc√≠a, que vuelve a la primera l√≠nea como ministro de Econom√≠a. ¬øA usted le sorprendi√≥?**

Me parece estupendo el nombramiento. Recurrir a personas con experiencia, que entienden sobre la complejidad de manejar una econom√≠a como la chilena y que est√°n convencidos de la importancia de la innovaci√≥n, la productividad, la inversi√≥n y las reglas claras es muy bueno, es una buena se√±al. Ahora, no estoy seguro si va a poder implementar cosas nuevas, pero debiera trabajar de manera conjunta con Grau y avanzar en la misma direcci√≥n.

**¬øVe espacio para que Grau haga alguna gesti√≥n importante en el Ministerio de Hacienda o va a ser m√°s que nada un administrador de lo que ya est√° en marcha?**

Es probable que Grau siga con la misma dedicaci√≥n y filosof√≠a que tuvo Mario Marcel, pero le recomendar√≠a que trabajara de manera coordinada con su reemplazante en Econom√≠a, √Ålvaro Garc√≠a, y que tratara de impulsar conjuntamente en implementar la reforma de los permisos sectoriales.

**¬øEsta nueva dupla econ√≥mica le dar√° tranquilidad al mercado?**

El miedo fue cuando dijeron se va Marcel y ah√≠ la gente dijo: se hunde el barco. Y ahora lo que tenemos claro es que no se va a hundir el barco y que vamos a seguir m√°s o menos por la misma senda. El riesgo pa√≠s subi√≥ casi dos puntos base, pero volver√° a su cauce, y la gente que critica a Grau critica al joven y no al maduro que es hoy. Si uno mira en su conjunto la direcci√≥n que ten√≠amos como pa√≠s, en lo econ√≥mico no era transformar a Chile en una potencia exportadora mundial, pero no se hund√≠a el barco y eso seguir√° siendo as√≠.

# ‚ÄúEl nuevo programa de Jara es para la galer√≠a y no corresponde al corazoncito de la candidata‚Äù

**¬øQu√© opina de los programas econ√≥micos de los candidatos de la derecha Evelyn Matthei y Jos√© Antonio Kast?**

Los dos programas est√°n planteados pensando en el corto plazo, como programas de reparaci√≥n. El programa de Jos√© Antonio Kast tiene como centro la emergencia. El de Evelyn Matthei, de urgencia. Entonces, ambos hablan de medidas para el corto plazo. Ambos mejoraron en su forma de plantear el crecimiento, porque hasta hace poco era muy abstracto y ahora lo est√°n relacionando con empleo. ¬øPorque uno quiere crecer para salir mejor en las listas del Fondo Monetario Internacional? No, sino que porque mientras m√°s crecen, mejores empleos se pueden crear.

**Ambos proponen bajar impuestos a las empresas. ¬øVa en la direcci√≥n correcta?**

Para crecer no hay misterios, la mec√°nica del crecimiento por m√°s que los chilenos crean que es una cuesti√≥n dif√≠cil, misteriosa y desafiante no es ninguna de esa cosa, sino que se trata de tener m√°s m√°quinas, m√°s operarios y m√°s eficiencia, fin del cuento, pero el problema es que en Chile nos hemos encargado de que todas esas cosas anden mal. Entonces ¬øc√≥mo conseguimos que haya m√°s m√°quinas? Bueno, alguien tiene que invertir y traer m√°s m√°quinas o dejar de consumir. ¬øPara qu√© quieren tener las m√°quinas? Para poder ganar plata. Y si esa plata se les quita con impuestos van a invertir menos. Por tanto, para que inviertan m√°s, vamos a bajar los impuestos. Eso es m√°s viejo que el hilo negro. Y est√° bien. Pero a m√≠ no me produce un gran entusiasmo.

**¬øFalta esa mirada de largo plazo, entonces?**

Yo creo que deliberadamente no tienen esta visi√≥n de largo plazo de c√≥mo va a estar Chile en los pr√≥ximos 25 a√±os o en 100 a√±os. Si la tuvieran, se puede armar una narrativa de hacia d√≥nde se quiere ir. Pero habiendo dicho eso, hay una propuesta muy interesante que es el impuesto negativo al ingreso y eso es lo m√°s creativo.

**Sobre el nuevo programa de la candidata Jeannette Jara, ¬øve un giro brusco en comparaci√≥n a de las primarias?**

El programa de Jara es de continuidad. La parte econ√≥mica es como una ensalada socialdem√≥crata que no se entiende muy bien. Pero, esencialmente, hay dos programas de emergencia y un programa de continuidad.

**¬øConsidera cre√≠ble el cambio del programa de primarias de Jara al actual? ¬øEs lo que deb√≠a hacer para ampliar su base electoral, como candidata de la centroizquierda?**

Si uno lo lee, es un programa socialdem√≥crata y no quiero que se me enoje mi Presidente Lagos, pero podr√≠a ser perfectamente un programa tipo Ricardo Lagos. Ahora, si bien las ideas son correctas, tiene el problema que para implementar cada una de esas ideas van a crear una nueva dependencia p√∫blica del aparato del Estado, entonces m√°s burocracia. Ahora, si me preguntas, ¬øqu√© nivel de credibilidad tiene ese programa para m√≠? Yo te digo: muy bajo. Es para la galer√≠a y no corresponde al corazoncito de la candidata Jara ni de los partidos importantes. Hablan de coalici√≥n como si fuera un colectivo de iguales: no es as√≠ ya que hay unos miembros que son m√°s importantes que nosotros. El cambio es demasiado brusco.

**¬øQu√© opini√≥n tiene del equipo econ√≥mico que conform√≥ Jara para esta segunda parte de las elecciones?**

Son economistas profesionales, socialdem√≥cratas. Y creo que el programa representa genuinamente lo que piensa Luis Eduardo Escobar y Osvaldo Rosales, pero no lo que piensa la candidata ni el equipo que la acompa√±ar√° en caso de llegar a La Moneda, ya que no lo implementar√≠an. En ese caso, el que mandar√≠a es el programa de las siete p√°ginas.",1750gt16,https://reddit.com/r/RepublicadeChile/comments/1mz0ac2/edwards_la_desconfianza_sobre_grau_puede_haber/,11,36,üìà Econom√≠a & Finanzas,2025-08-24 12:32:47
9aa14242e612f672feef95b8e81ac421f7bbeee747f667879c5aa91c47adf387,2025-09-03 22:44:04,1myx8c3,RepublicadeChile,¬øCu√°l se les hace m√°s pasable y porqu√©?,"Creo que Kast es insoportable porque el weon pareciera que realmente se cree su propio cuento de ser un ""buen cristiano, buena persona"" cuando el weon es carism√°tico pero en el fondo un csm. Kaiser al ser mucho menos carism√°tico termina siendo m√°s transparente porque no oculta lo csm que es, lo acepta y no le importa. Individualismo al 100 y que se joda el resto, ambos lo creen, pero solo Kaiser lo admite.",ToteAll,https://reddit.com/r/RepublicadeChile/comments/1myx8c3/cu√°l_se_les_hace_m√°s_pasable_y_porqu√©/,0,36,üèõÔ∏è Pol√≠tica,2025-08-24 10:36:25
ee4585daf4b0c84edc2c24bde4a0f36657ced8d3ccdb1f0325bfbb6b2bf318e5,2025-09-03 22:44:04,1mylz39,RepublicadeChile,¬øPorqu√© Kast ya no habla de Krassnof?,"Opciones no hay muchas. No se le ha olvidado claramente su amigo. Se estar√° haciendo el weon porqu√© se dio cuenta de que querer indultar a un torturador enfermo con m√°s de 1000 a√±os de condena es impopular? O el escenario menos malo, se har√° el weon con Krasnoff?",ToteAll,https://reddit.com/r/RepublicadeChile/comments/1mylz39/porqu√©_kast_ya_no_habla_de_krassnof/,46,98,üèõÔ∏è Pol√≠tica,2025-08-24 00:13:58
806a79142f4f5f7227323cc39ee90fabc3e072c32b6805df638053dae1f3ed2c,2025-09-03 22:44:04,1myllde,RepublicadeChile,Militantes del PNL emplazan a Kaiser por candidaturas vinculadas al ‚Äúoctubrismo‚Äù - La Tercera,,Maztinyer,https://reddit.com/r/RepublicadeChile/comments/1myllde/militantes_del_pnl_emplazan_a_kaiser_por/,6,23,üèõÔ∏è Pol√≠tica,2025-08-23 23:52:56
841979d036a8737438666bd1d58147936d460f3168ff60c04bd3d4df5947f00d,2025-09-03 22:44:04,1mxxrxq,RepublicadeChile,Kast agradece a Bachelet,"La mayor√≠a de las encuentas dice que Kast est√° arriba por la inseguridad, la migraci√≥n, etc. Todo eso es plausible, pero creo que hay un factor que se pasa por alto: Michelle Bachelet.



Cuando se discut√≠a qui√©n ser√≠a la candidata oficialista, Carolina Toh√° aparec√≠a como la carta natural para unir al bloque. Ten√≠a experiencia, llegada al centro y pod√≠a atraer a ex concertacionistas que hoy est√°n hu√©rfanos. Pero Bachelet no la apoy√≥. Guard√≥ silencio. Y ese silencio oblig√≥ a que hubiera primarias.



¬øResultado? El PC levant√≥ a Jara y gan√≥ con claridad en su nicho de izquierda por lo que el sector termin√≥ con una candidata que entusiasma a su base pero repele al centro. Justo lo que Kast necesitaba: una rival que no amenaza con apelar a los votantes moderados. Menci√≥n honrosa a todos los traspi√©s, falta de preparaci√≥n y evidente carencia de tonelage pol√≠tico de Jara.



Alberto Mayol lo ha dicho hasta el cansancio: la pelea real es en el centro. Y ese centro, frente a un balotaje Jara‚ÄìKast, no necesita pensarlo mucho: antes nulo, blanco o hasta Kast, pero jam√°s una comunista. Jara lo sabe y hace esfuerzos pat√©ticos por parecer moderada. El problema es que un comunista disfrazado de socialdem√≥crata da risa, pero no por lo gracioso.



As√≠ que s√≠, la delincuencia y el rechazo al gobierno explican mucho. Pero mi hip√≥tesis es que la omisi√≥n de Bachelet fue quiz√°s el mayor favor involuntario que Kast ha recibido en toda la campa√±a.",Jumpy-Independent221,https://reddit.com/r/RepublicadeChile/comments/1mxxrxq/kast_agradece_a_bachelet/,27,39,üß† Debate & Opini√≥n,2025-08-23 06:20:35
7b2c5dcfd8a8ad0500f66af23a97fab999e6d0d3eb7a0304518b3e383290ac31,2025-09-03 22:44:04,1mxtbfm,RepublicadeChile,LUCATON en beneficio de familia Kast - Auspicia SERVEL,RECUERDEN QUE CADA VOTO SON MIL PESITOS QUE DA EL SERVEL,obssesedparanoid,https://reddit.com/r/RepublicadeChile/comments/1mxtbfm/lucaton_en_beneficio_de_familia_kast_auspicia/,0,34,üí© Shitposting & Memes,2025-08-23 01:44:54
709f22a7c7875fc109f97acf0456bf50a82b828229f2eb1be36128b33f2658ae,2025-09-03 22:44:04,1mx5ylf,RepublicadeChile,Kast (35%) sube 6 puntos y desplaza a Jara (30%) que cae 5: El term√≥metro de la presidencial y la parlamentaria,"**¬øQui√©n crees que ser√° el pr√≥ximo presidente de Chile?**

>Un 37% se inclinar√≠a por representantes del pacto de republicanos para el Congreso seguido por el del oficialismo (32%) y el de CHV (23%), seg√∫n B&W.  


>Este viernes, la encuesta Black & White, entreg√≥ los resultados de su sondeo semanal, donde abord√≥ la carrera presidencial, en una semana que result√≥ clave para la definici√≥n de las listas de los pactos parlamentarios, donde ni la derecha ni la izquierda pudieron concretar el anhelo de ir unidos. Los pactos inscritos en la oposici√≥n fueron ""Cambio por Chile"" (Republicanos, PNL y PSC); y ""Chile grande y unido"" (UDI, RN, Ev√≥p√≥li y Dem√≥cratas). Este √∫ltimo, cruzado por el ""nudo"" de lo que ocurrir√≠a con el diputado Miguel √Ångel Calisto, quien busca ir al Senado por Ays√©n.",firmavirtual,https://reddit.com/r/RepublicadeChile/comments/1mx5ylf/kast_35_sube_6_puntos_y_desplaza_a_jara_30_que/,49,92,üì∞ Noticias & Reportajes,2025-08-22 09:04:12
47ca5d66e8efbeb2e33e9334f95a99fd5f62d560233819ba3a14d1bf612d00ad,2025-09-03 22:44:04,1mwgz7c,RepublicadeChile,"Alberto Mayol: ""Jos√© Antonio Kast es el √∫nico que tiene una respuesta a la crisis""",,SrHuev0n,https://reddit.com/r/RepublicadeChile/comments/1mwgz7c/alberto_mayol_jos√©_antonio_kast_es_el_√∫nico_que/,28,36,üéôÔ∏è Entrevistas,2025-08-21 13:10:12
670115c3ecf90009660423c02345874283b1a9167b6398647f65f5d7bec6f69d,2025-09-03 22:44:04,1mvo7m2,RepublicadeChile,"El precio de los medicamentos: Jara por los pacientes, Kast por la colusi√≥n","https://www.biobiochile.cl/noticias/opinion/columnas-bbcl/2025/08/20/precio-medicamentos-jara-kast.shtml

En Chile, hablar de gasto en salud es hablar directamente del bolsillo de las familias. Un 32,8% del gasto total en salud proviene de los hogares, lo que nos ubica como el cuarto pa√≠s de la OCDE con mayor carga de gasto de bolsillo. Y de ese gasto, m√°s de la mitad (55%) corresponde a medicamentos. Es decir, son las familias las que cargan con la mayor parte del costo de los remedios necesarios para vivir bien.

La estructura adem√°s es profundamente regresiva: mientras el quintil m√°s rico destina un 46,7% de su gasto en salud a medicamentos, el quintil m√°s pobre dedica un 67,6%. Dicho de otra forma: quienes menos tienen, pagan proporcionalmente m√°s. La injusticia es evidente.

El impacto en la vida de las personas es brutal: el 68% de los pacientes reconoce haber abandonado sus tratamientos por no poder costearlos. Es decir, el acceso a la salud no est√° definido por la necesidad m√©dica, sino por la capacidad de pago. Y este problema se ha agudizado en el tiempo: entre 2010 y 2024 el gasto en medicamentos aument√≥ 80%, golpeando sobre todo a los adultos mayores, que deben costear m√∫ltiples tratamientos para enfermedades cr√≥nicas.

No se trata solo de din√°micas de mercado

La concentraci√≥n del sector farmac√©utico ‚Äîdonde tres cadenas controlan el 92% de las ventas‚Äî favoreci√≥ abusos sistem√°ticos. El caso m√°s emblem√°tico fue la colusi√≥n de las farmacias (2008-2009), que elev√≥ en promedio en un 48% los precios de 222 medicamentos, llegando en algunos casos a duplicarlos. Ese abuso signific√≥ m√°s de $27 mil millones en sobrecostos para los pacientes.

En esa causa, Jorge Quiroz, hoy jefe econ√≥mico de Jos√© Antonio Kast, elabor√≥ un informe defendiendo a Salcobrand y relativizando el da√±o a los consumidores. Mientras √©l justificaba el alza de precios que vaciaba los bolsillos de los chilenos, las familias deb√≠an decidir entre llegar a fin de mes o seguir sus tratamientos. No es un dato menor: ah√≠ se expresa una visi√≥n de pa√≠s donde los abusos del mercado se normalizan y las personas quedan en segundo plano.

El precio de los medicamentos: Jara por los pacientes, Kast por la colusi√≥n

El contraste es inevitable cuando se comparan estas posturas con las propuestas de Jeannette Jara. Su programa plantea medidas concretas para reducir el gasto de los hogares: establecer un Precio M√°ximo Industrial (PMI) para regular el valor de los medicamentos ‚Äîconsiderando referencias internacionales y los precios de CENABAST‚Äî, y crear un Observatorio Nacional de Medicamentos que entregue transparencia al mercado, publique informaci√≥n sobre costos y patentes y proponga precios m√°ximos peri√≥dicos.

Lo m√°s relevante es que esto no es un experimento. La experiencia del PMI ya se aplic√≥ con la Ley Ricarte Soto, logrando una reducci√≥n promedio del 12% en los precios de los medicamentos regulados. Cuando hay voluntad pol√≠tica, se puede enfrentar a la industria y hacer que los remedios sean m√°s accesibles.

La diferencia es clara: mientras el asesor econ√≥mico de Kast defendi√≥ los abusos de las farmacias y la desregulaci√≥n que perjudica a las familias, Jeannette Jara propone pol√≠ticas serias para bajar los precios de los medicamentos y, con ello, reducir el costo de la vida.

En un Chile donde dos de cada tres personas han debido renunciar a su tratamiento por falta de dinero, discutir el precio de los medicamentos no es un asunto secundario. Es una cuesti√≥n de dignidad y de modelo de pa√≠s: uno que avala la impunidad del mercado y sus abusos, o uno que pone en el centro el bienestar, los salarios dignos y el derecho de todos los chilenos a acceder a la salud.

",Numerous-Car1917,https://reddit.com/r/RepublicadeChile/comments/1mvo7m2/el_precio_de_los_medicamentos_jara_por_los/,0,15,üèõÔ∏è Pol√≠tica,2025-08-20 15:10:58
65db42a6ba8d83b4906bf5a57b197ff83a7e1202e784d2db92df51c38d929eeb,2025-09-03 22:44:04,1mvb4ik,RepublicadeChile,‚ÄúJos√© Antonio Kast tuvo un 18% de asistencia el a√±o 2017 cuando era diputado‚Äù: #Falso,,Ok_Illustrator21,https://reddit.com/r/RepublicadeChile/comments/1mvb4ik/jos√©_antonio_kast_tuvo_un_18_de_asistencia_el_a√±o/,48,37,üß† Debate & Opini√≥n,2025-08-20 06:34:13
6301d64be7cbe90ea60f525e4e7bca001a36b05f00fe4f9bf8cd50c862b6d70f,2025-09-03 22:44:04,1mval2u,RepublicadeChile,¬øPor qui√©nes han votado a lo largo de su vida para presidentes?,"Parto yo:

Jorge Arrate - Eduardo Frei

Marcel Claude - Nulo

Alejandro Guillier -Alejandro Guillier

Sebasti√°n Sichel - Nulo...

Y en la siguiente me da igual qu√© tan facho sea el que tenga que votar en la segunda vuelta, votar√° as√≠ sea necesario por Kaiser si al frente est√° Jara.

  
Bueno, yo era de los pendejos zurdos que te mandaban a leer y te odiaba sectariamente porque no ten√≠as conciencia de clase, y ac√° estoy...",SituationNew7609,https://reddit.com/r/RepublicadeChile/comments/1mval2u/por_qui√©nes_han_votado_a_lo_largo_de_su_vida_para/,24,109,üß† Debate & Opini√≥n,2025-08-20 06:02:27
7e46dba595dc9fa26c112f2b61ff4031f27e15f7f19a5597280ce2beceb63596,2025-09-03 22:44:04,1muswjb,RepublicadeChile,"Causas de VIF y conducci√≥n en estado de ebriedad: historial de Jean Pierre Bonvallet, el candidato a diputado que competir√° en la lista de Kast","https://www.theclinic.cl/2025/08/19/causas-de-vif-y-conduccion-en-estado-de-ebriedad-el-extenso-historial-de-jean-pierre-bonvallet-el-candidato-a-diputado-que-competira-en-la-lista-de-kast-y-kaiser/

El hijo de Eduardo Bonvallet postular√° por un cupo en el Congreso por el distrito 10, por el pacto del Partido Republicano, Partido Social Cristiano y Partido Nacional Libertario. El youtuber competir√° junto al hijo de Jos√© Antonio Kast y a Gino Lorenzini. En su historial judicial acarrea causas por posesi√≥n de marihuana, violencia intrafamiliar, conducci√≥n en estado de ebriedad, peleas y amenazas. En 2018 fue condenado a 61 d√≠as de presidio menor, por amenazar a su vecina y a su arrendataria de dispararles.

Republicanos una vez m√°s apoyando delincuentes ",Numerous-Car1917,https://reddit.com/r/RepublicadeChile/comments/1muswjb/causas_de_vif_y_conducci√≥n_en_estado_de_ebriedad/,4,12,üì∞ Noticias & Reportajes,2025-08-19 15:46:47
a1522bdfc8c7a4ee3e97ef1b49d792127106b2333cc6d9bbb4917e65518eec97,2025-09-03 22:44:04,1munuaf,RepublicadeChile,¬øPorqu√© se relativiza el apoyo a la dictadura?,"Siempre he escuchado que al PC o cualquier grupo de ""izquierdas"" se les tilda de antidemocr√°ticos en Chile y se habla de Cuba, Venezuela (de China no, porque no conviene), en fin de ""reg√≠menes"" o ""dictaduras"" y a la hora de la verdad, la mayor√≠a de la derecha institucional, si es que no toda es abiertamente pinochetista (antidemlcratico, hechos no opiniones), se han defendido ped√≥filos como Spiniak o Schaefer o han estado involucrados en hechos antidemocraticos (el pap√° de Mathei fue golpista y el de Kast era nazi), en fin la pregunta es ¬øPorqu√© se ""castiga"" con un argumento un lado y el otro, con el mismo argumento, pareciese no importar? Porque si le dieramos la raz√≥n a ambos puntos de vista, al fin y al cabo solo hay opciones antidemocr√°ticas, as√≠ que mejor dejar de argumentar eso de los democracia lovers hasta que hablamos de Pinochet.",ChoreroAsesino,https://reddit.com/r/RepublicadeChile/comments/1munuaf/porqu√©_se_relativiza_el_apoyo_a_la_dictadura/,69,189,üß† Debate & Opini√≥n,2025-08-19 12:45:56
c7830a787d9ae982197767ce11fcc4ed9b8ce53faaabcbb14383ee4ef9b8ab58,2025-09-03 22:44:04,1mtzno2,RepublicadeChile,JA Kast Miente?,,Glad-Philosopher8261,https://reddit.com/r/RepublicadeChile/comments/1mtzno2/ja_kast_miente/,4,12,üß† Debate & Opini√≥n,2025-08-18 17:47:48
cee81eb6f7158961a132190b9acf0e02baae77bbcc1a6de1e691e69525d1301a,2025-09-03 22:44:04,1mtwbx7,RepublicadeChile,Starter pack de candidatos para cada elecci√≥n presidencial chilena:,"ME-O: 5ta presidencial (2009,2013,2017,2021,2025)
Parisi: 3era presidencial, (4to intento)
(2013,2017 (no alcanz√≥ las firmas), 2021 y 2025)
Kast y Artes: 3era presidencial consecutiva
(2017, 2021 y 2025)",Maztinyer,https://reddit.com/r/RepublicadeChile/comments/1mtwbx7/starter_pack_de_candidatos_para_cada_elecci√≥n/,38,15,üß† Debate & Opini√≥n,2025-08-18 15:44:25
998fec62d8273d3fe32697ffaf077de66c243142ae5f2fb3ce47d918e914e248,2025-09-03 22:44:04,1mrkwee,RepublicadeChile,La radio en el sur es ESQUIZOFRENIA,"

Por motivos de trabajo anduve en temuco y un poco m√°s al sur, en algunos momentos del viaje puse radio, (generalmente no lo hago), y weon quede pa la caga, literal el discurso anticomunista es sin pudor alguno, no existe la neutralidad editorial??, por cada oraci√≥n decian 3 veces IZQUIERDA RADICAL y/o COMUNISTA JARA, es pal repico, hablaban de que destrozaron el pa√≠s, lo avergonzaron a nivel internacional (cuando y como paso eso?), destruyeron la econ√≥mia y el empleo, casi que estamos en el findelmundo mismo, y culpan a jara y su coalici√≥n (si se que es del gobierno) pero la mina todavia ni es elegida!!!(ni creo que salga) pero WN esta bien que tengas un sector politico afin y que no te guste jara, pero no que los medios deben informar y no lo contrario?? La desinformaci√≥n por medios tan masivos debiera ser ilegal o almenos cuestionable y denunciable. Es literal una amenaza de vida o muerte parece el votar estas las elecciones...  y para cuando hablan de kast, cero adjetivos, nose wn que miedo la gente del sur, igual son zonas mas rurales y generalmente con menos nivel de estudios e ingresos, yo creo que estan m√°s vulnerables a este final apocal√≠ptico que anuncias 24/7 como si fuera verdad... ",Heavy-Bid3483,https://reddit.com/r/RepublicadeChile/comments/1mrkwee/la_radio_en_el_sur_es_esquizofrenia/,0,9,üß† Debate & Opini√≥n,2025-08-16 00:39:36
c0d168e68c6b67d91299634b92fac3bc12b7b36a1e942824cc9b9bf6cdb1c2cc,2025-09-03 22:44:04,1mrf95q,RepublicadeChile,Ley para identificar Detenidos desaparecidos,"El otro d√≠a en el feed, apareci√≥ la discusi√≥n en la c√°mara de diputados sobre el proyecto de ley para dar atribuciones al SML (Servicio M√©dico Legal), para identificar los restos que tiene en sus dependencias, para determinar cu√°les de estos corresponden a detenidos desaparecidos y hacer entrega de dichos restos a su familia para darles sepultura.

En la discusi√≥n de la sesi√≥n 57 del lunes 11 de agosto, se presentaron varios puntos.

- La comisi√≥n evaluadora no recomienda el proyecto de ley, pues el SML no cuenta con las capacidades para llevar a cabo dicho proceso con los est√°ndares que definen entidades internacionales respecto de la investigaci√≥n de cr√≠men contra los derechos humanos.

- Se critica que el proyecto de ley presente un plazo l√≠mite de 2 a√±os, lo cual podr√≠a llevar a procesos apresurado y por √©sto identificaciones mal hechas y/o investigaci√≥n de los cr√≠menes cometidos que no se lleven a cabo de manera exhaustiva.

- Otro lado plantea que el rechazo al proyecto de ley es porque se acabar√≠a la figura del secuestro permanente y se podr√≠a definir claramente las culpas y responsables, lo cual no sirve para el discurso pol√≠tico y el uso de los detenidos desaparecidos como herramienta pol√≠tica.

- Cuestionan las motivaciones del PC, pues son los principales opositores del proyecto, increpandolos por retrasar la identificaci√≥n de los restos y con ello atrasado la entrega de los restos a sus familias.

Se presentaron otros puntos, pero tambi√©n es interesante que 40% del debate se haya quedado en discutir por el hecho que la minuta dec√≠a ""presuntos detenidos desaparecidos"".

- El PC y otros simpatizantes expresaron ofensa e indignaci√≥n del t√©rmino ""presuntos"" por corresponder a una narrativa negacionista.

- El PNL (partido de Kaiser) y otros de su sector argumentaban que el t√©rmino se usaba pues entre las 89 cajas con restos hab√≠a restos que no eran de detenidos desaparecidos, por lo que se aplicaba una presunci√≥n pues no hab√≠a garant√≠a que todos los restos fuesen de detenidos desaparecidos.",azbeltk,https://reddit.com/r/RepublicadeChile/comments/1mrf95q/ley_para_identificar_detenidos_desaparecidos/,32,47,üèõÔ∏è Pol√≠tica,2025-08-15 20:19:04
f51315c1e498423e9640d5359e1e0642f927df77cc3ed2bca3fcf4993c77918a,2025-09-03 22:44:04,1mrec75,RepublicadeChile,Kast era inproductivo en el congreso?,"Como saben uno de los mayores ataques que se le enrostra a Kast, es su supuesta irrelevancia y falta de productividad en el congreso.
",Maztinyer,https://reddit.com/r/RepublicadeChile/comments/1mrec75/kast_era_inproductivo_en_el_congreso/,91,81,üß† Debate & Opini√≥n,2025-08-15 19:40:13
